CREATE DATABASE matricula;
USE matricula;

CREATE TABLE ALUMNOS(
    COD_ALUM CHAR(20) NOT NULL PRIMARY KEY,
    APE_ALUM VARCHAR(20) NOT NULL,
    DIR_ALUM VARCHAR(40) NOT NULL,
    COD_DISTRITO CHAR(20) NULL
);

CREATE TABLE DISTRITO(
    COD_DISTRITO CHAR(20) NOT NULL PRIMARY KEY,
    NOMBRE_DISTRITO CHAR(40) NOT NULL
);

ALTER TABLE ALUMNOS 
ADD CONSTRAINT XXXL FOREIGN KEY ALUMNOS(COD_DISTRITO)
REFERENCES DISTRITO(COD_DISTRITO)
ON DELETE CASCADE ON UPDATE CASCADE;

-- VISUALIZAR LA ESTRUCTURA DE LA TABLA ALUMNOS
DESCRIBE ALUMNOS;
-- VISUALIZAR LA ESTRUCTURA DE LA TABLA DISTRITO
DESCRIBE matricula;

INSERT INTO DISTRITO (COD_DISTRITO, NOMBRE_DISTRITO) VALUES
('001','CERCADO DE LIMA'),
('002','LA VICTORIA'),
('003','SAN LUIS'),
('004','ATE'),
('005','CHORRILLOS'),
('006','SANTIAGO DE SURCO');

SELECT * FROM DISTRITO;

INSERT INTO ALUMNOS(COD_ALUM, APE_ALUM, DIR_ALUM, COD_DISTRITO) VALUES
('A001','PEREZ HUMANA MANUEL','AV SALAVERRY 12','006'),
('A002','TORREZ QUIROZ MANUEL','AV SALEVERRY 12','006'),
('A003','TORREZ QUIROZ CARLOS','AV MEXICO 12','001'),
('A004','OBLITAS QUIROZ MANUEL','AV SALAVERRY 12','002'),
('A005','SANCHEZ GANOZA MAXIMO','AV SALAVERRY 12','005'),
('A006','GALINDO MORALES PERCY','AV SALAVERRY 12','003');

SELECT * FROM ALUMNOS;

SELECT APE_ALUM AS A, NOMBRE_DISTRITO AS D FROM ALUMNOS AS A
INNER JOIN DISTRITO AS D ON A.COD_DISTRITO = D.COD_DISTRITO;

-- MODIFICAR EL CODIGO DEL DISTRITO SANTIAGO DE SURCO CON EL NUMERO 100
SELECT ALUMNOS;
SELECT * FROM DISTRITO;
UPDATE DISTRITO SET COD_DISTRITO = '100' WHERE COD_DISTRITO = '006';

-- ELIMINAR EL CODIGO DEL DISTRITO 100
DELETE FROM DISTRITO WHERE COD_DISTRITO = '100';
SELECT * FROM ALUMNOS;
SELECT * FROM DISTRITO;

UPDATE DISTRITO SET NOMBRE_DISTRITO = 'CERCADO DE LIMA' WHERE COD_DISTRITO = '001';
UPDATE DISTRITO SET NOMBRE_DISTRITO = 'ANCON' WHERE COD_DISTRITO = '002';
UPDATE DISTRITO SET NOMBRE_DISTRITO = 'ATE' WHERE COD_DISTRITO = '003';
UPDATE DISTRITO SET NOMBRE_DISTRITO = 'BARRANCO' WHERE COD_DISTRITO = '004';
UPDATE DISTRITO SET NOMBRE_DISTRITO = 'BREÑA' WHERE COD_DISTRITO = '005';
UPDATE DISTRITO SET NOMBRE_DISTRITO = 'CARABAYLLO' WHERE COD_DISTRITO = '006';

INSERT INTO DISTRITO (COD_DISTRITO,NOMBRE_DISTRITO) VALUES
('006','CARABAYLLO'),
('007', 'COMAS'),
('008', 'CHACLACAYO'),
('009', 'CHORRILLOS'),
('010', 'EL AGUSTINO'),
('011', 'JESÚS MARÍA'),
('012', 'LA MOLINA'),
('013', 'LA VICTORIA'),
('014', 'LINCE'),
('015', 'LURÍN'),
('016', 'MAGDALENA DEL MAR'),
('017', 'MIRAFLORES'),
('018', 'PACHACAMAC'),
('019', 'PUCUSANA'),
('020', 'PUEBLO LIBRE'),
('021','PUENTE PIEDRA'),
('022','PUNTA NEGRA'),
('024','PUNTA HERMOSA'),
('025','RIMAC'),
('026','SAN BARTOLO'),
('027','SAN ISIDRO'),
('028','INDEPENDENCIA');

INSERT INTO ALUMNOS (COD_ALUM, APE_ALUM, DIR_ALUM, COD_DISTRITO) VALUES
('A007', 'MUÑANTES CASTRO JIMENA', 'AV. LOS HÉROES 123', '006'),
('A008', 'PEREZ HUAMANA MANUEL', 'CALLE LOS ALMENDROS 456', '007'),
('A009', 'TORRES QUIROZ CARLOS', 'AV. EL SOL 789', '008'),
('A010', 'OBLITAS QUIROZ MANUEL', 'CALLE LAS ROSAS 101', '009'),
('A011', 'SANCHEZ GANOZA MAXIMO', 'AV. SAN JUAN 202', '010'),
('A012', 'GALINDO MORALES PERCY', 'CALLE JARDÍN DEL SOL 303', '011'),
('A013', 'MENDOZA RAMIREZ JULIAN', 'AV. LA MOLINA 404', '012'),
('A014', 'LOPEZ VILLANUEVA ANDREA', 'CALLE LOS PESCADORES 505', '013'),
('A015', 'ALVAREZ PONCE LUIS', 'AV. ALAMEDA 606', '014'),
('A016', 'SALGADO VASQUEZ MARIA', 'CALLE DE LA VICTORIA 707', '015'),
('A017', 'RAMIREZ RIVERA JOSE', 'AV. MAGDALENA 808', '016'),
('A018', 'FERNANDEZ CASTRO MIGUEL', 'CALLE LA FLOR 909', '017'),
('A019', 'QUIROZ VELASQUEZ GABRIEL', 'AV. PACHACAMAC 1010', '018'),
('A020', 'SERRANO GARCIA FABIOLA', 'CALLE LOS HUERTOS 1111', '019'),
('A021', 'CUADROS VÁSQUEZ CARLOS', 'AV. SAN MARTÍN 1212', '020'),
('A022', 'PAREDES TORO JOSE', 'CALLE EL PARAÍSO 1313', '021'),
('A023', 'VALENCIA SERRANO GINA', 'AV. LOS ANDES 1414', '022'),
('A024', 'GARCIA PALOMINO FRANCISCA', 'CALLE AMERICANA 1515', '023'),
('A025', 'MARTÍNEZ VILLANUEVA ALFONSO', 'CALLE EL HORIZONTE 1616', '024'),
('A026', 'GUTIERREZ MORALES ELENA', 'CALLE DE LOS LEONES 1717', '025'),
('A027', 'RAMOS CARRILLO EDUARDO', 'AV. LOS PINOS 1818', '026'),
('A028', 'GALLARDO PEREZ MARIA', 'CALLE LOS CEDROS 1919', '027'),
('A029', 'LOPEZ VÁSQUEZ MARTIN', 'CALLE EL SOL 2020', '006'),
('A030', 'SUAREZ SALAS MIGUEL', 'AV. LAS LOMAS 2121', '007'),
('A031', 'MENDOZA VASQUEZ ELSA', 'CALLE LOS ÁRBOLES 2222', '008'),
('A032', 'RODRIGUEZ QUIROZ EDGAR', 'AV. DE LOS ALAMOS 2323', '009'),
('A033', 'CASTRO PEREZ ANGELA', 'CALLE VILLA DEL MAR 2424', '010'),
('A034', 'GARCÍA MUÑOZ JORGE', 'CALLE PASEO DE LOS PESCADORES 2525', '011'),
('A035', 'CASTRO RAMOS MIGUEL', 'CALLE LOS CEDROS 2626', '012'),
('A036', 'VÁSQUEZ GUERRERO JUAN', 'AV. EL OASIS 2727', '013'),
('A037', 'HUAMAN CÁCERES JULIA', 'CALLE BELGRANO 2828', '014'),
('A038', 'MOLINA ZEBALLOS HUGO', 'CALLE LOS CIRUELOS 2929', '015'),
('A039', 'GARCÍA MARTÍNEZ CARMEN', 'AV. LOS GARDENIAS 3030', '016'),
('A040', 'ROMERO GUZMAN ANA', 'CALLE CALIFORNIA 3131', '017'),
('A041', 'AGUILAR GUERRERO LUIS', 'CALLE EL PARAÍSO 3232', '018'),
('A042', 'ALFARO CARRILLO JULIA', 'CALLE ROSARIO 3333', '019'),
('A043', 'PEÑA HERRERA JUAN', 'CALLE SANTA FE 3434', '020'),
('A044', 'ARROYO PONCE MARIA', 'CALLE ALTOS DEL SOL 3535', '021'),
('A045', 'GUTIERREZ FERRERO RICARDO', 'CALLE ARCO IRIS 3636', '022'),
('A046', 'ROJAS CASTRO LILIANA', 'CALLE LOS ANGELES 3737', '023'),
('A047', 'FERNÁNDEZ VASQUEZ CESAR', 'CALLE PACÍFICO 3838', '024'),
('A048', 'MALCA CARRILLO VICTOR', 'CALLE EL MIRADOR 3939', '025'),
('A049', 'ESCOBAR CARRILLO LUIS', 'CALLE PUEBLO NUEVO 4040', '026'),
('A050', 'PARRA RIVERA FABIOLA', 'CALLE LA PIEDRA 4141', '027');

CREATE TABLE TURNO(
COD_TURNO CHAR(20) NOT NULL PRIMARY KEY,
NOM_TURNO CHAR(40) NOT NULL
);

INSERT INTO TURNO(COD_TURNO, NOM_TURNO) VALUES
('001','MAÑANA'),
('002','TARDE'),
('003','NOCHE');

CREATE TABLE CICLO(
COD_CICLO CHAR NOT NULL PRIMARY KEY,
NOMBRE_CICLO VARCHAR(40) NOT NULL
);

INSERT INTO CICLO(COD_CICLO, NOMBRE_CICLO) VALUES
('001','CICLO 1'),
('002','CICLO 2'),
('003','CICLO 3'),
('004','CICLO 4'),
('005','CICLO 5'),
('006','CICLO 6');

SELECT * FROM CICLO




